tgff,platform,trace,mapper,log_level,kpn,best_mapping_time,representation,estimated_total_time
"{file:telecom-mocsyn.tgff,graph_name:TASK_GRAPH_3}",mppa_coolidge,tgff_reader,gbm,ERROR,tgff_reader,403.334834333,MetricSpaceEmbedding,6.167933702468872
"{file:telecom-mocsyn.tgff,graph_name:TASK_GRAPH_5}",exynos,tgff_reader,static_cfs,ERROR,tgff_reader,0.024569214,SymmetryEmbedding,0.1999983787536621
"{file:networking-mocsyn.tgff,graph_name:TASK_GRAPH_3}",exynos,tgff_reader,static_cfs,ERROR,tgff_reader,0.054785713,SymmetryEmbedding,0.1959984302520752
"{file:office-automation-mocsyn.tgff,graph_name:TASK_GRAPH_0}",mppa_coolidge,tgff_reader,gbm,ERROR,tgff_reader,737.6470505,Symmetries,7.127943277359009
"{file:telecom-mocsyn.tgff,graph_name:TASK_GRAPH_1}",mppa_coolidge,tgff_reader,gbm,ERROR,tgff_reader,413.372883833,Symmetries,8.203934907913208
"{file:telecom-mocsyn.tgff,graph_name:TASK_GRAPH_1}",mppa_coolidge,tgff_reader,static_cfs,ERROR,tgff_reader,14.206421665,SimpleVector,0.2279982566833496
"{file:telecom-mocsyn.tgff,graph_name:TASK_GRAPH_8}",exynos,tgff_reader,gbm,ERROR,tgff_reader,0.024642857,SimpleVector,0.1959986686706543
"{file:telecom-mocsyn.tgff,graph_name:TASK_GRAPH_3}",mppa_coolidge,tgff_reader,gbm,ERROR,tgff_reader,403.334834333,SymmetryEmbedding,601.7981157302856
"{file:networking-mocsyn.tgff,graph_name:TASK_GRAPH_1}",exynos,tgff_reader,static_cfs,ERROR,tgff_reader,0.033142855,Symmetries,0.16399884223937988
"{file:telecom-mocsyn.tgff,graph_name:TASK_GRAPH_6}",mppa_coolidge,tgff_reader,gbm,ERROR,tgff_reader,400.0010005,SymmetryEmbedding,602.5033710002899
"{file:telecom-mocsyn.tgff,graph_name:TASK_GRAPH_8}",exynos,tgff_reader,static_cfs,ERROR,tgff_reader,0.024569214,SimpleVector,0.15999889373779297
"{file:networking-mocsyn.tgff,graph_name:TASK_GRAPH_2}",mppa_coolidge,tgff_reader,static_cfs,ERROR,tgff_reader,10.028099999,SymmetryEmbedding,594.4153568744659
"{file:telecom-mocsyn.tgff,graph_name:TASK_GRAPH_3}",exynos,tgff_reader,gbm,ERROR,tgff_reader,0.0080765,MetricSpaceEmbedding,0.20399832725524902
"{file:auto-indust-mocsyn.tgff,graph_name:TASK_GRAPH_2}",mppa_coolidge,tgff_reader,gbm,ERROR,tgff_reader,438.8527615,SimpleVector,9.075929164886475
"{file:networking-mocsyn.tgff,graph_name:TASK_GRAPH_3}",exynos,tgff_reader,static_cfs,ERROR,tgff_reader,0.054785713,Symmetries,0.18399858474731445
"{file:networking-mocsyn.tgff,graph_name:TASK_GRAPH_0}",exynos,tgff_reader,gbm,ERROR,tgff_reader,0.0015065,Symmetries,0.19199848175048828
"{file:telecom-mocsyn.tgff,graph_name:TASK_GRAPH_2}",mppa_coolidge,tgff_reader,gbm,ERROR,tgff_reader,413.372883833,SymmetryEmbedding,599.9952318668365
"{file:networking-mocsyn.tgff,graph_name:TASK_GRAPH_3}",mppa_coolidge,tgff_reader,static_cfs,ERROR,tgff_reader,10.038099999,MetricSpaceEmbedding,0.6079952716827393
"{file:auto-indust-mocsyn.tgff,graph_name:TASK_GRAPH_2}",mppa_coolidge,tgff_reader,static_cfs,ERROR,tgff_reader,26.006144331,SimpleVector,0.23599815368652344
"{file:telecom-mocsyn.tgff,graph_name:TASK_GRAPH_5}",mppa_coolidge,tgff_reader,gbm,ERROR,tgff_reader,400.0010005,MetricSpaceEmbedding,6.0399556159973145
"{file:auto-indust-mocsyn.tgff,graph_name:TASK_GRAPH_3}",mppa_coolidge,tgff_reader,static_cfs,ERROR,tgff_reader,13.337970832,MetricSpaceEmbedding,0.6079940795898438
"{file:auto-indust-mocsyn.tgff,graph_name:TASK_GRAPH_2}",mppa_coolidge,tgff_reader,gbm,ERROR,tgff_reader,438.8527615,MetricSpaceEmbedding,8.975929737091064
"{file:auto-indust-mocsyn.tgff,graph_name:TASK_GRAPH_2}",exynos,tgff_reader,gbm,ERROR,tgff_reader,0.037469,Symmetries,0.21199822425842285
"{file:telecom-mocsyn.tgff,graph_name:TASK_GRAPH_3}",mppa_coolidge,tgff_reader,static_cfs,ERROR,tgff_reader,6.674766666,Symmetries,0.35199737548828125
"{file:networking-mocsyn.tgff,graph_name:TASK_GRAPH_1}",exynos,tgff_reader,gbm,ERROR,tgff_reader,1.318309,SimpleVector,0.17999863624572754
"{file:networking-mocsyn.tgff,graph_name:TASK_GRAPH_1}",exynos,tgff_reader,static_cfs,ERROR,tgff_reader,0.033142855,SimpleVector,0.15999889373779297
"{file:auto-indust-mocsyn.tgff,graph_name:TASK_GRAPH_0}",exynos,tgff_reader,gbm,ERROR,tgff_reader,0.015603,SymmetryEmbedding,0.2279982566833496
"{file:telecom-mocsyn.tgff,graph_name:TASK_GRAPH_1}",exynos,tgff_reader,static_cfs,ERROR,tgff_reader,0.057150499,Symmetries,0.1679987907409668
"{file:networking-mocsyn.tgff,graph_name:TASK_GRAPH_0}",mppa_coolidge,tgff_reader,static_cfs,ERROR,tgff_reader,0.0065,Symmetries,0.359997034072876
"{file:telecom-mocsyn.tgff,graph_name:TASK_GRAPH_8}",mppa_coolidge,tgff_reader,static_cfs,ERROR,tgff_reader,3.349883333,SymmetryEmbedding,595.7992358207703
"{file:telecom-mocsyn.tgff,graph_name:TASK_GRAPH_1}",mppa_coolidge,tgff_reader,static_cfs,ERROR,tgff_reader,14.206421665,MetricSpaceEmbedding,0.6079952716827393
"{file:auto-indust-mocsyn.tgff,graph_name:TASK_GRAPH_0}",exynos,tgff_reader,static_cfs,ERROR,tgff_reader,0.005300001,SimpleVector,1.5359878540039062
"{file:telecom-mocsyn.tgff,graph_name:TASK_GRAPH_3}",mppa_coolidge,tgff_reader,static_cfs,ERROR,tgff_reader,6.674766666,MetricSpaceEmbedding,0.6039953231811523
"{file:auto-indust-mocsyn.tgff,graph_name:TASK_GRAPH_1}",exynos,tgff_reader,gbm,ERROR,tgff_reader,0.008264,SymmetryEmbedding,0.26399779319763184
"{file:telecom-mocsyn.tgff,graph_name:TASK_GRAPH_1}",exynos,tgff_reader,gbm,ERROR,tgff_reader,0.01621,SymmetryEmbedding,0.23199820518493652
"{file:networking-mocsyn.tgff,graph_name:TASK_GRAPH_3}",mppa_coolidge,tgff_reader,gbm,ERROR,tgff_reader,7397.628001,MetricSpaceEmbedding,6.483948230743408
"{file:telecom-mocsyn.tgff,graph_name:TASK_GRAPH_4}",exynos,tgff_reader,static_cfs,ERROR,tgff_reader,0.031571428,Symmetries,0.1679985523223877
"{file:networking-mocsyn.tgff,graph_name:TASK_GRAPH_0}",exynos,tgff_reader,static_cfs,ERROR,tgff_reader,0.010714286,SymmetryEmbedding,0.19199848175048828
"{file:telecom-mocsyn.tgff,graph_name:TASK_GRAPH_6}",mppa_coolidge,tgff_reader,gbm,ERROR,tgff_reader,400.0010005,MetricSpaceEmbedding,6.063951015472412
"{file:networking-mocsyn.tgff,graph_name:TASK_GRAPH_0}",exynos,tgff_reader,static_cfs,ERROR,tgff_reader,0.010714286,SimpleVector,0.17999863624572754
"{file:office-automation-mocsyn.tgff,graph_name:TASK_GRAPH_0}",mppa_coolidge,tgff_reader,gbm,ERROR,tgff_reader,737.6470505,SymmetryEmbedding,603.6232151985168
"{file:telecom-mocsyn.tgff,graph_name:TASK_GRAPH_0}",mppa_coolidge,tgff_reader,gbm,ERROR,tgff_reader,411.2554505,SymmetryEmbedding,602.9512305259705
"{file:auto-indust-mocsyn.tgff,graph_name:TASK_GRAPH_3}",exynos,tgff_reader,gbm,ERROR,tgff_reader,0.021782,SymmetryEmbedding,0.2279982566833496
"{file:consumer-mocsyn.tgff,graph_name:TASK_GRAPH_0}",exynos,tgff_reader,static_cfs,ERROR,tgff_reader,3.525786213,Symmetries,0.1679987907409668
"{file:telecom-mocsyn.tgff,graph_name:TASK_GRAPH_8}",mppa_coolidge,tgff_reader,static_cfs,ERROR,tgff_reader,3.349883333,MetricSpaceEmbedding,0.6119949817657471
"{file:auto-indust-mocsyn.tgff,graph_name:TASK_GRAPH_3}",exynos,tgff_reader,static_cfs,ERROR,tgff_reader,0.006809857,SimpleVector,0.16399860382080078
"{file:auto-indust-mocsyn.tgff,graph_name:TASK_GRAPH_2}",exynos,tgff_reader,static_cfs,ERROR,tgff_reader,0.249641855,Symmetries,0.1719987392425537
"{file:consumer-mocsyn.tgff,graph_name:TASK_GRAPH_0}",mppa_coolidge,tgff_reader,gbm,ERROR,tgff_reader,3334.7025505,MetricSpaceEmbedding,8.63593864440918
"{file:telecom-mocsyn.tgff,graph_name:TASK_GRAPH_1}",exynos,tgff_reader,gbm,ERROR,tgff_reader,0.01621,Symmetries,0.1999983787536621
"{file:telecom-mocsyn.tgff,graph_name:TASK_GRAPH_5}",mppa_coolidge,tgff_reader,static_cfs,ERROR,tgff_reader,3.349883333,Symmetries,0.35599684715270996
"{file:networking-mocsyn.tgff,graph_name:TASK_GRAPH_0}",exynos,tgff_reader,static_cfs,ERROR,tgff_reader,0.010714286,Symmetries,0.1679987907409668
"{file:telecom-mocsyn.tgff,graph_name:TASK_GRAPH_2}",exynos,tgff_reader,static_cfs,ERROR,tgff_reader,0.057150499,SimpleVector,0.16399884223937988
"{file:office-automation-mocsyn.tgff,graph_name:TASK_GRAPH_0}",mppa_coolidge,tgff_reader,gbm,ERROR,tgff_reader,737.6470505,SimpleVector,8.279934406280518
"{file:office-automation-mocsyn.tgff,graph_name:TASK_GRAPH_0}",mppa_coolidge,tgff_reader,gbm,ERROR,tgff_reader,737.6470505,MetricSpaceEmbedding,7.25194239616394
"{file:telecom-mocsyn.tgff,graph_name:TASK_GRAPH_4}",mppa_coolidge,tgff_reader,static_cfs,ERROR,tgff_reader,6.688266666,Symmetries,0.35599660873413086
"{file:telecom-mocsyn.tgff,graph_name:TASK_GRAPH_1}",exynos,tgff_reader,static_cfs,ERROR,tgff_reader,0.057150499,SymmetryEmbedding,0.1959984302520752
"{file:auto-indust-mocsyn.tgff,graph_name:TASK_GRAPH_0}",mppa_coolidge,tgff_reader,gbm,ERROR,tgff_reader,417.5032285,MetricSpaceEmbedding,7.399942874908447
"{file:telecom-mocsyn.tgff,graph_name:TASK_GRAPH_2}",exynos,tgff_reader,static_cfs,ERROR,tgff_reader,0.057150499,SymmetryEmbedding,0.1999983787536621
"{file:networking-mocsyn.tgff,graph_name:TASK_GRAPH_1}",exynos,tgff_reader,gbm,ERROR,tgff_reader,1.318309,Symmetries,0.19199848175048828
"{file:auto-indust-mocsyn.tgff,graph_name:TASK_GRAPH_0}",mppa_coolidge,tgff_reader,gbm,ERROR,tgff_reader,417.5032285,SimpleVector,8.363935232162476
"{file:telecom-mocsyn.tgff,graph_name:TASK_GRAPH_5}",exynos,tgff_reader,static_cfs,ERROR,tgff_reader,0.024569214,MetricSpaceEmbedding,0.18399858474731445
"{file:networking-mocsyn.tgff,graph_name:TASK_GRAPH_2}",exynos,tgff_reader,gbm,ERROR,tgff_reader,2.6290495,SymmetryEmbedding,0.2239983081817627
"{file:auto-indust-mocsyn.tgff,graph_name:TASK_GRAPH_2}",exynos,tgff_reader,gbm,ERROR,tgff_reader,0.037469,SimpleVector,0.19199848175048828
"{file:consumer-mocsyn.tgff,graph_name:TASK_GRAPH_0}",exynos,tgff_reader,gbm,ERROR,tgff_reader,2.022567,MetricSpaceEmbedding,0.21599841117858887
"{file:telecom-mocsyn.tgff,graph_name:TASK_GRAPH_2}",mppa_coolidge,tgff_reader,static_cfs,ERROR,tgff_reader,14.206421665,Symmetries,0.35599708557128906
"{file:auto-indust-mocsyn.tgff,graph_name:TASK_GRAPH_0}",exynos,tgff_reader,static_cfs,ERROR,tgff_reader,0.005300001,Symmetries,0.1679987907409668
"{file:networking-mocsyn.tgff,graph_name:TASK_GRAPH_3}",exynos,tgff_reader,gbm,ERROR,tgff_reader,6.2961255,SymmetryEmbedding,0.2239983081817627
"{file:telecom-mocsyn.tgff,graph_name:TASK_GRAPH_3}",exynos,tgff_reader,static_cfs,ERROR,tgff_reader,0.012285713,SimpleVector,0.15999889373779297
"{file:telecom-mocsyn.tgff,graph_name:TASK_GRAPH_2}",mppa_coolidge,tgff_reader,static_cfs,ERROR,tgff_reader,14.206421665,MetricSpaceEmbedding,0.6119952201843262
"{file:auto-indust-mocsyn.tgff,graph_name:TASK_GRAPH_2}",exynos,tgff_reader,static_cfs,ERROR,tgff_reader,0.249641855,MetricSpaceEmbedding,0.18399834632873535
"{file:telecom-mocsyn.tgff,graph_name:TASK_GRAPH_3}",exynos,tgff_reader,gbm,ERROR,tgff_reader,0.0080765,SimpleVector,0.18799853324890137
"{file:networking-mocsyn.tgff,graph_name:TASK_GRAPH_0}",mppa_coolidge,tgff_reader,gbm,ERROR,tgff_reader,0.0005065,Symmetries,0.623995304107666
"{file:networking-mocsyn.tgff,graph_name:TASK_GRAPH_2}",mppa_coolidge,tgff_reader,static_cfs,ERROR,tgff_reader,10.028099999,Symmetries,0.4839961528778076
"{file:telecom-mocsyn.tgff,graph_name:TASK_GRAPH_5}",exynos,tgff_reader,gbm,ERROR,tgff_reader,0.024642857,MetricSpaceEmbedding,0.21999835968017578
"{file:office-automation-mocsyn.tgff,graph_name:TASK_GRAPH_0}",exynos,tgff_reader,gbm,ERROR,tgff_reader,0.3058135,SimpleVector,0.18399834632873535
"{file:auto-indust-mocsyn.tgff,graph_name:TASK_GRAPH_2}",mppa_coolidge,tgff_reader,gbm,ERROR,tgff_reader,438.8527615,SymmetryEmbedding,605.1382441520691
"{file:telecom-mocsyn.tgff,graph_name:TASK_GRAPH_4}",mppa_coolidge,tgff_reader,gbm,ERROR,tgff_reader,403.334834333,SymmetryEmbedding,601.4988462924957
"{file:consumer-mocsyn.tgff,graph_name:TASK_GRAPH_1}",mppa_coolidge,tgff_reader,static_cfs,ERROR,tgff_reader,13.897099999,Symmetries,0.3599972724914551
"{file:telecom-mocsyn.tgff,graph_name:TASK_GRAPH_0}",exynos,tgff_reader,gbm,ERROR,tgff_reader,0.0084,SymmetryEmbedding,0.2279982566833496
"{file:networking-mocsyn.tgff,graph_name:TASK_GRAPH_3}",exynos,tgff_reader,gbm,ERROR,tgff_reader,6.2961255,SimpleVector,0.18799829483032227
"{file:telecom-mocsyn.tgff,graph_name:TASK_GRAPH_8}",exynos,tgff_reader,static_cfs,ERROR,tgff_reader,0.024569214,SymmetryEmbedding,0.1959984302520752
"{file:consumer-mocsyn.tgff,graph_name:TASK_GRAPH_0}",exynos,tgff_reader,static_cfs,ERROR,tgff_reader,3.525786213,SymmetryEmbedding,0.21199822425842285
"{file:networking-mocsyn.tgff,graph_name:TASK_GRAPH_0}",mppa_coolidge,tgff_reader,gbm,ERROR,tgff_reader,0.0005065,SimpleVector,0.48799610137939453
"{file:auto-indust-mocsyn.tgff,graph_name:TASK_GRAPH_1}",exynos,tgff_reader,gbm,ERROR,tgff_reader,0.008264,SimpleVector,0.17999839782714844
"{file:auto-indust-mocsyn.tgff,graph_name:TASK_GRAPH_0}",mppa_coolidge,tgff_reader,gbm,ERROR,tgff_reader,417.5032285,Symmetries,7.147944688796997
"{file:telecom-mocsyn.tgff,graph_name:TASK_GRAPH_5}",exynos,tgff_reader,static_cfs,ERROR,tgff_reader,0.024569214,SimpleVector,0.15999865531921387
"{file:telecom-mocsyn.tgff,graph_name:TASK_GRAPH_0}",mppa_coolidge,tgff_reader,static_cfs,ERROR,tgff_reader,12.505654999,SymmetryEmbedding,593.2553145885468
"{file:networking-mocsyn.tgff,graph_name:TASK_GRAPH_2}",exynos,tgff_reader,static_cfs,ERROR,tgff_reader,0.040499998,SymmetryEmbedding,0.1999983787536621
"{file:telecom-mocsyn.tgff,graph_name:TASK_GRAPH_5}",exynos,tgff_reader,gbm,ERROR,tgff_reader,0.024642857,SimpleVector,0.1959984302520752
"{file:office-automation-mocsyn.tgff,graph_name:TASK_GRAPH_0}",exynos,tgff_reader,static_cfs,ERROR,tgff_reader,0.254631223,MetricSpaceEmbedding,0.18399858474731445
"{file:telecom-mocsyn.tgff,graph_name:TASK_GRAPH_0}",mppa_coolidge,tgff_reader,gbm,ERROR,tgff_reader,411.2554505,MetricSpaceEmbedding,7.143943548202515
"{file:networking-mocsyn.tgff,graph_name:TASK_GRAPH_0}",exynos,tgff_reader,gbm,ERROR,tgff_reader,0.0015065,SimpleVector,0.17599868774414062
"{file:consumer-mocsyn.tgff,graph_name:TASK_GRAPH_1}",mppa_coolidge,tgff_reader,static_cfs,ERROR,tgff_reader,13.897099999,SymmetryEmbedding,595.9232959747314
"{file:telecom-mocsyn.tgff,graph_name:TASK_GRAPH_7}",mppa_coolidge,tgff_reader,static_cfs,ERROR,tgff_reader,3.349883333,MetricSpaceEmbedding,0.6039955615997314
"{file:office-automation-mocsyn.tgff,graph_name:TASK_GRAPH_0}",mppa_coolidge,tgff_reader,static_cfs,ERROR,tgff_reader,13.510933332,MetricSpaceEmbedding,0.6119952201843262
"{file:networking-mocsyn.tgff,graph_name:TASK_GRAPH_3}",exynos,tgff_reader,gbm,ERROR,tgff_reader,6.2961255,Symmetries,0.1999983787536621
"{file:telecom-mocsyn.tgff,graph_name:TASK_GRAPH_0}",mppa_coolidge,tgff_reader,static_cfs,ERROR,tgff_reader,12.505654999,MetricSpaceEmbedding,0.6039953231811523
"{file:networking-mocsyn.tgff,graph_name:TASK_GRAPH_2}",exynos,tgff_reader,static_cfs,ERROR,tgff_reader,0.040499998,MetricSpaceEmbedding,0.17999863624572754
"{file:telecom-mocsyn.tgff,graph_name:TASK_GRAPH_8}",mppa_coolidge,tgff_reader,gbm,ERROR,tgff_reader,400.0010005,Symmetries,5.779953718185425
"{file:telecom-mocsyn.tgff,graph_name:TASK_GRAPH_3}",mppa_coolidge,tgff_reader,static_cfs,ERROR,tgff_reader,6.674766666,SimpleVector,0.2279982566833496
"{file:auto-indust-mocsyn.tgff,graph_name:TASK_GRAPH_1}",mppa_coolidge,tgff_reader,gbm,ERROR,tgff_reader,408.756951,SymmetryEmbedding,602.0192284584045
"{file:networking-mocsyn.tgff,graph_name:TASK_GRAPH_1}",mppa_coolidge,tgff_reader,gbm,ERROR,tgff_reader,2154.71693,Symmetries,6.775946140289307
"{file:telecom-mocsyn.tgff,graph_name:TASK_GRAPH_5}",mppa_coolidge,tgff_reader,static_cfs,ERROR,tgff_reader,3.349883333,MetricSpaceEmbedding,0.6199946403503418
"{file:consumer-mocsyn.tgff,graph_name:TASK_GRAPH_0}",mppa_coolidge,tgff_reader,static_cfs,ERROR,tgff_reader,20.800933332,SymmetryEmbedding,598.6152210235596
"{file:consumer-mocsyn.tgff,graph_name:TASK_GRAPH_0}",exynos,tgff_reader,static_cfs,ERROR,tgff_reader,3.525786213,MetricSpaceEmbedding,0.18399858474731445
"{file:telecom-mocsyn.tgff,graph_name:TASK_GRAPH_7}",exynos,tgff_reader,static_cfs,ERROR,tgff_reader,0.024569214,SimpleVector,0.15999889373779297
"{file:telecom-mocsyn.tgff,graph_name:TASK_GRAPH_7}",mppa_coolidge,tgff_reader,static_cfs,ERROR,tgff_reader,3.349883333,Symmetries,0.35599732398986816
"{file:networking-mocsyn.tgff,graph_name:TASK_GRAPH_1}",exynos,tgff_reader,gbm,ERROR,tgff_reader,1.318309,MetricSpaceEmbedding,0.21999835968017578
"{file:consumer-mocsyn.tgff,graph_name:TASK_GRAPH_1}",exynos,tgff_reader,gbm,ERROR,tgff_reader,2.0075735,SimpleVector,0.19199848175048828
"{file:telecom-mocsyn.tgff,graph_name:TASK_GRAPH_0}",exynos,tgff_reader,static_cfs,ERROR,tgff_reader,0.008614284,SimpleVector,0.16399884223937988
"{file:networking-mocsyn.tgff,graph_name:TASK_GRAPH_1}",mppa_coolidge,tgff_reader,static_cfs,ERROR,tgff_reader,10.022949999,MetricSpaceEmbedding,0.6199951171875
"{file:auto-indust-mocsyn.tgff,graph_name:TASK_GRAPH_0}",mppa_coolidge,tgff_reader,static_cfs,ERROR,tgff_reader,16.669994165,MetricSpaceEmbedding,0.6079952716827393
"{file:telecom-mocsyn.tgff,graph_name:TASK_GRAPH_6}",exynos,tgff_reader,static_cfs,ERROR,tgff_reader,0.024569214,MetricSpaceEmbedding,0.255997896194458
"{file:telecom-mocsyn.tgff,graph_name:TASK_GRAPH_7}",mppa_coolidge,tgff_reader,static_cfs,ERROR,tgff_reader,3.349883333,SimpleVector,0.2279982566833496
"{file:consumer-mocsyn.tgff,graph_name:TASK_GRAPH_1}",exynos,tgff_reader,gbm,ERROR,tgff_reader,2.0075735,SymmetryEmbedding,0.2279982566833496
"{file:auto-indust-mocsyn.tgff,graph_name:TASK_GRAPH_2}",exynos,tgff_reader,gbm,ERROR,tgff_reader,0.037469,MetricSpaceEmbedding,0.259998083114624
"{file:telecom-mocsyn.tgff,graph_name:TASK_GRAPH_7}",mppa_coolidge,tgff_reader,gbm,ERROR,tgff_reader,400.0010005,SimpleVector,8.027937173843384
"{file:telecom-mocsyn.tgff,graph_name:TASK_GRAPH_1}",exynos,tgff_reader,gbm,ERROR,tgff_reader,0.01621,SimpleVector,0.2519979476928711
"{file:auto-indust-mocsyn.tgff,graph_name:TASK_GRAPH_1}",mppa_coolidge,tgff_reader,gbm,ERROR,tgff_reader,408.756951,Symmetries,6.323949098587036
"{file:networking-mocsyn.tgff,graph_name:TASK_GRAPH_2}",mppa_coolidge,tgff_reader,gbm,ERROR,tgff_reader,3902.348746666,MetricSpaceEmbedding,7.035944700241089
"{file:telecom-mocsyn.tgff,graph_name:TASK_GRAPH_7}",exynos,tgff_reader,gbm,ERROR,tgff_reader,0.024642857,SymmetryEmbedding,0.23999810218811035
"{file:auto-indust-mocsyn.tgff,graph_name:TASK_GRAPH_0}",exynos,tgff_reader,gbm,ERROR,tgff_reader,0.015603,MetricSpaceEmbedding,0.21599817276000977
"{file:telecom-mocsyn.tgff,graph_name:TASK_GRAPH_7}",exynos,tgff_reader,static_cfs,ERROR,tgff_reader,0.024569214,SymmetryEmbedding,0.26799798011779785
"{file:consumer-mocsyn.tgff,graph_name:TASK_GRAPH_1}",mppa_coolidge,tgff_reader,static_cfs,ERROR,tgff_reader,13.897099999,SimpleVector,0.23599815368652344
"{file:telecom-mocsyn.tgff,graph_name:TASK_GRAPH_5}",mppa_coolidge,tgff_reader,gbm,ERROR,tgff_reader,400.0010005,SymmetryEmbedding,598.079402923584
"{file:office-automation-mocsyn.tgff,graph_name:TASK_GRAPH_0}",exynos,tgff_reader,gbm,ERROR,tgff_reader,0.3058135,SymmetryEmbedding,0.2239983081817627
"{file:consumer-mocsyn.tgff,graph_name:TASK_GRAPH_0}",exynos,tgff_reader,gbm,ERROR,tgff_reader,2.022567,Symmetries,0.1959984302520752
"{file:networking-mocsyn.tgff,graph_name:TASK_GRAPH_1}",mppa_coolidge,tgff_reader,gbm,ERROR,tgff_reader,2154.71693,MetricSpaceEmbedding,7.059943914413452
"{file:consumer-mocsyn.tgff,graph_name:TASK_GRAPH_1}",exynos,tgff_reader,gbm,ERROR,tgff_reader,2.0075735,MetricSpaceEmbedding,0.21199846267700195
"{file:telecom-mocsyn.tgff,graph_name:TASK_GRAPH_4}",exynos,tgff_reader,static_cfs,ERROR,tgff_reader,0.031571428,SimpleVector,0.16399884223937988
"{file:networking-mocsyn.tgff,graph_name:TASK_GRAPH_3}",mppa_coolidge,tgff_reader,static_cfs,ERROR,tgff_reader,10.038099999,Symmetries,0.35599732398986816
"{file:networking-mocsyn.tgff,graph_name:TASK_GRAPH_2}",mppa_coolidge,tgff_reader,gbm,ERROR,tgff_reader,3902.348746666,SymmetryEmbedding,603.1752445697784
"{file:networking-mocsyn.tgff,graph_name:TASK_GRAPH_1}",mppa_coolidge,tgff_reader,static_cfs,ERROR,tgff_reader,10.022949999,SimpleVector,0.23199820518493652
"{file:telecom-mocsyn.tgff,graph_name:TASK_GRAPH_1}",mppa_coolidge,tgff_reader,static_cfs,ERROR,tgff_reader,14.206421665,Symmetries,0.359997034072876
"{file:telecom-mocsyn.tgff,graph_name:TASK_GRAPH_8}",exynos,tgff_reader,gbm,ERROR,tgff_reader,0.024642857,MetricSpaceEmbedding,0.29999756813049316
"{file:auto-indust-mocsyn.tgff,graph_name:TASK_GRAPH_0}",exynos,tgff_reader,gbm,ERROR,tgff_reader,0.015603,Symmetries,0.1999983787536621
"{file:auto-indust-mocsyn.tgff,graph_name:TASK_GRAPH_3}",mppa_coolidge,tgff_reader,gbm,ERROR,tgff_reader,410.837533833,Symmetries,6.847940444946289
"{file:networking-mocsyn.tgff,graph_name:TASK_GRAPH_1}",mppa_coolidge,tgff_reader,static_cfs,ERROR,tgff_reader,10.022949999,Symmetries,0.359997034072876
"{file:telecom-mocsyn.tgff,graph_name:TASK_GRAPH_7}",exynos,tgff_reader,gbm,ERROR,tgff_reader,0.024642857,MetricSpaceEmbedding,0.2239983081817627
"{file:auto-indust-mocsyn.tgff,graph_name:TASK_GRAPH_3}",mppa_coolidge,tgff_reader,gbm,ERROR,tgff_reader,410.837533833,MetricSpaceEmbedding,7.1279380321502686
"{file:networking-mocsyn.tgff,graph_name:TASK_GRAPH_1}",exynos,tgff_reader,gbm,ERROR,tgff_reader,1.318309,SymmetryEmbedding,0.21999812126159668
"{file:telecom-mocsyn.tgff,graph_name:TASK_GRAPH_1}",exynos,tgff_reader,gbm,ERROR,tgff_reader,0.01621,MetricSpaceEmbedding,0.21599817276000977
"{file:office-automation-mocsyn.tgff,graph_name:TASK_GRAPH_0}",mppa_coolidge,tgff_reader,static_cfs,ERROR,tgff_reader,13.510933332,SimpleVector,0.23199820518493652
"{file:networking-mocsyn.tgff,graph_name:TASK_GRAPH_0}",exynos,tgff_reader,static_cfs,ERROR,tgff_reader,0.010714286,MetricSpaceEmbedding,0.17999839782714844
"{file:telecom-mocsyn.tgff,graph_name:TASK_GRAPH_3}",mppa_coolidge,tgff_reader,gbm,ERROR,tgff_reader,403.334834333,Symmetries,5.891936779022217
"{file:networking-mocsyn.tgff,graph_name:TASK_GRAPH_2}",mppa_coolidge,tgff_reader,static_cfs,ERROR,tgff_reader,10.028099999,SimpleVector,0.23199820518493652
"{file:consumer-mocsyn.tgff,graph_name:TASK_GRAPH_1}",mppa_coolidge,tgff_reader,gbm,ERROR,tgff_reader,2909.730383833,SymmetryEmbedding,599.0152020454407
"{file:auto-indust-mocsyn.tgff,graph_name:TASK_GRAPH_0}",mppa_coolidge,tgff_reader,static_cfs,ERROR,tgff_reader,16.669994165,SimpleVector,0.23199820518493652
"{file:telecom-mocsyn.tgff,graph_name:TASK_GRAPH_8}",mppa_coolidge,tgff_reader,static_cfs,ERROR,tgff_reader,3.349883333,SimpleVector,0.23199820518493652
"{file:networking-mocsyn.tgff,graph_name:TASK_GRAPH_3}",exynos,tgff_reader,static_cfs,ERROR,tgff_reader,0.054785713,MetricSpaceEmbedding,0.18399858474731445
"{file:networking-mocsyn.tgff,graph_name:TASK_GRAPH_1}",exynos,tgff_reader,static_cfs,ERROR,tgff_reader,0.033142855,MetricSpaceEmbedding,0.17999863624572754
"{file:telecom-mocsyn.tgff,graph_name:TASK_GRAPH_3}",exynos,tgff_reader,static_cfs,ERROR,tgff_reader,0.012285713,MetricSpaceEmbedding,0.18799853324890137
"{file:telecom-mocsyn.tgff,graph_name:TASK_GRAPH_5}",mppa_coolidge,tgff_reader,static_cfs,ERROR,tgff_reader,3.349883333,SymmetryEmbedding,599.9957327842712
"{file:auto-indust-mocsyn.tgff,graph_name:TASK_GRAPH_3}",mppa_coolidge,tgff_reader,gbm,ERROR,tgff_reader,410.837533833,SimpleVector,9.035921335220337
"{file:auto-indust-mocsyn.tgff,graph_name:TASK_GRAPH_2}",mppa_coolidge,tgff_reader,static_cfs,ERROR,tgff_reader,26.006144331,MetricSpaceEmbedding,0.6119949817657471
"{file:telecom-mocsyn.tgff,graph_name:TASK_GRAPH_3}",exynos,tgff_reader,static_cfs,ERROR,tgff_reader,0.012285713,SymmetryEmbedding,0.1999983787536621
"{file:consumer-mocsyn.tgff,graph_name:TASK_GRAPH_1}",mppa_coolidge,tgff_reader,gbm,ERROR,tgff_reader,2909.730383833,Symmetries,6.859945297241211
"{file:networking-mocsyn.tgff,graph_name:TASK_GRAPH_3}",mppa_coolidge,tgff_reader,gbm,ERROR,tgff_reader,7397.628001,SimpleVector,7.451940536499023
"{file:networking-mocsyn.tgff,graph_name:TASK_GRAPH_1}",mppa_coolidge,tgff_reader,static_cfs,ERROR,tgff_reader,10.022949999,SymmetryEmbedding,599.9392385482788
"{file:auto-indust-mocsyn.tgff,graph_name:TASK_GRAPH_3}",mppa_coolidge,tgff_reader,static_cfs,ERROR,tgff_reader,13.337970832,SymmetryEmbedding,593.562557220459
"{file:telecom-mocsyn.tgff,graph_name:TASK_GRAPH_1}",exynos,tgff_reader,static_cfs,ERROR,tgff_reader,0.057150499,MetricSpaceEmbedding,0.18399858474731445
"{file:office-automation-mocsyn.tgff,graph_name:TASK_GRAPH_0}",mppa_coolidge,tgff_reader,static_cfs,ERROR,tgff_reader,13.510933332,SymmetryEmbedding,593.5352909564972
"{file:telecom-mocsyn.tgff,graph_name:TASK_GRAPH_4}",mppa_coolidge,tgff_reader,gbm,ERROR,tgff_reader,403.334834333,MetricSpaceEmbedding,6.331945180892944
"{file:telecom-mocsyn.tgff,graph_name:TASK_GRAPH_4}",mppa_coolidge,tgff_reader,static_cfs,ERROR,tgff_reader,6.688266666,SimpleVector,0.23199772834777832
"{file:networking-mocsyn.tgff,graph_name:TASK_GRAPH_2}",exynos,tgff_reader,static_cfs,ERROR,tgff_reader,0.040499998,Symmetries,0.1679985523223877
"{file:networking-mocsyn.tgff,graph_name:TASK_GRAPH_0}",mppa_coolidge,tgff_reader,static_cfs,ERROR,tgff_reader,0.0065,SimpleVector,0.24399805068969727
"{file:consumer-mocsyn.tgff,graph_name:TASK_GRAPH_0}",exynos,tgff_reader,gbm,ERROR,tgff_reader,2.022567,SymmetryEmbedding,0.2239980697631836
"{file:telecom-mocsyn.tgff,graph_name:TASK_GRAPH_0}",exynos,tgff_reader,static_cfs,ERROR,tgff_reader,0.008614284,MetricSpaceEmbedding,0.18399834632873535
"{file:auto-indust-mocsyn.tgff,graph_name:TASK_GRAPH_1}",mppa_coolidge,tgff_reader,gbm,ERROR,tgff_reader,408.756951,SimpleVector,7.463940143585205
"{file:telecom-mocsyn.tgff,graph_name:TASK_GRAPH_4}",exynos,tgff_reader,gbm,ERROR,tgff_reader,0.0080765,SimpleVector,0.18399858474731445
"{file:telecom-mocsyn.tgff,graph_name:TASK_GRAPH_1}",mppa_coolidge,tgff_reader,gbm,ERROR,tgff_reader,413.372883833,MetricSpaceEmbedding,8.475933074951172
"{file:networking-mocsyn.tgff,graph_name:TASK_GRAPH_2}",mppa_coolidge,tgff_reader,gbm,ERROR,tgff_reader,3902.348746666,SimpleVector,8.871930360794067
"{file:telecom-mocsyn.tgff,graph_name:TASK_GRAPH_6}",exynos,tgff_reader,gbm,ERROR,tgff_reader,0.024642857,SymmetryEmbedding,0.23599815368652344
"{file:auto-indust-mocsyn.tgff,graph_name:TASK_GRAPH_3}",exynos,tgff_reader,gbm,ERROR,tgff_reader,0.021782,MetricSpaceEmbedding,0.20799827575683594
"{file:consumer-mocsyn.tgff,graph_name:TASK_GRAPH_0}",mppa_coolidge,tgff_reader,gbm,ERROR,tgff_reader,3334.7025505,SymmetryEmbedding,602.1234705448151
"{file:telecom-mocsyn.tgff,graph_name:TASK_GRAPH_8}",mppa_coolidge,tgff_reader,gbm,ERROR,tgff_reader,400.0010005,MetricSpaceEmbedding,6.0519514083862305
"{file:auto-indust-mocsyn.tgff,graph_name:TASK_GRAPH_1}",mppa_coolidge,tgff_reader,gbm,ERROR,tgff_reader,408.756951,MetricSpaceEmbedding,6.58394718170166
"{file:telecom-mocsyn.tgff,graph_name:TASK_GRAPH_4}",exynos,tgff_reader,gbm,ERROR,tgff_reader,0.0080765,MetricSpaceEmbedding,0.20799827575683594
"{file:auto-indust-mocsyn.tgff,graph_name:TASK_GRAPH_1}",exynos,tgff_reader,gbm,ERROR,tgff_reader,0.008264,MetricSpaceEmbedding,0.20399856567382812
"{file:telecom-mocsyn.tgff,graph_name:TASK_GRAPH_0}",exynos,tgff_reader,gbm,ERROR,tgff_reader,0.0084,Symmetries,0.1959984302520752
"{file:consumer-mocsyn.tgff,graph_name:TASK_GRAPH_0}",exynos,tgff_reader,static_cfs,ERROR,tgff_reader,3.525786213,SimpleVector,0.1679985523223877
"{file:telecom-mocsyn.tgff,graph_name:TASK_GRAPH_2}",mppa_coolidge,tgff_reader,gbm,ERROR,tgff_reader,413.372883833,Symmetries,8.215934753417969
"{file:telecom-mocsyn.tgff,graph_name:TASK_GRAPH_4}",mppa_coolidge,tgff_reader,gbm,ERROR,tgff_reader,403.334834333,Symmetries,5.87994909286499
"{file:telecom-mocsyn.tgff,graph_name:TASK_GRAPH_6}",mppa_coolidge,tgff_reader,static_cfs,ERROR,tgff_reader,3.349883333,SymmetryEmbedding,598.839195728302
"{file:consumer-mocsyn.tgff,graph_name:TASK_GRAPH_1}",exynos,tgff_reader,static_cfs,ERROR,tgff_reader,1.996571427,MetricSpaceEmbedding,0.18399858474731445
"{file:consumer-mocsyn.tgff,graph_name:TASK_GRAPH_1}",mppa_coolidge,tgff_reader,static_cfs,ERROR,tgff_reader,13.897099999,MetricSpaceEmbedding,0.6119952201843262
"{file:telecom-mocsyn.tgff,graph_name:TASK_GRAPH_1}",mppa_coolidge,tgff_reader,gbm,ERROR,tgff_reader,413.372883833,SimpleVector,10.335918188095093
"{file:telecom-mocsyn.tgff,graph_name:TASK_GRAPH_3}",exynos,tgff_reader,gbm,ERROR,tgff_reader,0.0080765,Symmetries,0.259998083114624
"{file:telecom-mocsyn.tgff,graph_name:TASK_GRAPH_8}",exynos,tgff_reader,gbm,ERROR,tgff_reader,0.024642857,SymmetryEmbedding,0.23599815368652344
"{file:office-automation-mocsyn.tgff,graph_name:TASK_GRAPH_0}",mppa_coolidge,tgff_reader,static_cfs,ERROR,tgff_reader,13.510933332,Symmetries,0.35599708557128906
"{file:office-automation-mocsyn.tgff,graph_name:TASK_GRAPH_0}",exynos,tgff_reader,static_cfs,ERROR,tgff_reader,0.254631223,SymmetryEmbedding,0.1999983787536621
"{file:telecom-mocsyn.tgff,graph_name:TASK_GRAPH_7}",mppa_coolidge,tgff_reader,gbm,ERROR,tgff_reader,400.0010005,SymmetryEmbedding,604.1552178859711
"{file:telecom-mocsyn.tgff,graph_name:TASK_GRAPH_6}",exynos,tgff_reader,gbm,ERROR,tgff_reader,0.024642857,Symmetries,0.20399832725524902
"{file:networking-mocsyn.tgff,graph_name:TASK_GRAPH_0}",mppa_coolidge,tgff_reader,static_cfs,ERROR,tgff_reader,0.0065,MetricSpaceEmbedding,0.6079950332641602
"{file:telecom-mocsyn.tgff,graph_name:TASK_GRAPH_2}",exynos,tgff_reader,gbm,ERROR,tgff_reader,0.01621,SimpleVector,0.18799829483032227
"{file:telecom-mocsyn.tgff,graph_name:TASK_GRAPH_8}",mppa_coolidge,tgff_reader,static_cfs,ERROR,tgff_reader,3.349883333,Symmetries,0.35599732398986816
"{file:telecom-mocsyn.tgff,graph_name:TASK_GRAPH_3}",mppa_coolidge,tgff_reader,static_cfs,ERROR,tgff_reader,6.674766666,SymmetryEmbedding,593.8870539665222
"{file:consumer-mocsyn.tgff,graph_name:TASK_GRAPH_1}",exynos,tgff_reader,gbm,ERROR,tgff_reader,2.0075735,Symmetries,0.2519979476928711
"{file:consumer-mocsyn.tgff,graph_name:TASK_GRAPH_0}",mppa_coolidge,tgff_reader,gbm,ERROR,tgff_reader,3334.7025505,SimpleVector,9.591931819915771
"{file:networking-mocsyn.tgff,graph_name:TASK_GRAPH_1}",mppa_coolidge,tgff_reader,gbm,ERROR,tgff_reader,2154.71693,SymmetryEmbedding,601.9193031787872
"{file:telecom-mocsyn.tgff,graph_name:TASK_GRAPH_5}",mppa_coolidge,tgff_reader,gbm,ERROR,tgff_reader,400.0010005,SimpleVector,7.835942506790161
"{file:telecom-mocsyn.tgff,graph_name:TASK_GRAPH_1}",mppa_coolidge,tgff_reader,gbm,ERROR,tgff_reader,413.372883833,SymmetryEmbedding,599.8832166194916
"{file:telecom-mocsyn.tgff,graph_name:TASK_GRAPH_8}",exynos,tgff_reader,static_cfs,ERROR,tgff_reader,0.024569214,MetricSpaceEmbedding,0.18399858474731445
"{file:telecom-mocsyn.tgff,graph_name:TASK_GRAPH_7}",exynos,tgff_reader,gbm,ERROR,tgff_reader,0.024642857,SimpleVector,0.19199848175048828
"{file:auto-indust-mocsyn.tgff,graph_name:TASK_GRAPH_0}",mppa_coolidge,tgff_reader,gbm,ERROR,tgff_reader,417.5032285,SymmetryEmbedding,599.1833798885345
"{file:telecom-mocsyn.tgff,graph_name:TASK_GRAPH_5}",exynos,tgff_reader,gbm,ERROR,tgff_reader,0.024642857,Symmetries,0.1999983787536621
"{file:auto-indust-mocsyn.tgff,graph_name:TASK_GRAPH_0}",exynos,tgff_reader,gbm,ERROR,tgff_reader,0.015603,SimpleVector,0.1959984302520752
"{file:auto-indust-mocsyn.tgff,graph_name:TASK_GRAPH_3}",mppa_coolidge,tgff_reader,static_cfs,ERROR,tgff_reader,13.337970832,SimpleVector,0.2279977798461914
"{file:telecom-mocsyn.tgff,graph_name:TASK_GRAPH_1}",exynos,tgff_reader,static_cfs,ERROR,tgff_reader,0.057150499,SimpleVector,0.16399860382080078
"{file:networking-mocsyn.tgff,graph_name:TASK_GRAPH_1}",mppa_coolidge,tgff_reader,gbm,ERROR,tgff_reader,2154.71693,SimpleVector,8.867929458618164
"{file:networking-mocsyn.tgff,graph_name:TASK_GRAPH_2}",mppa_coolidge,tgff_reader,static_cfs,ERROR,tgff_reader,10.028099999,MetricSpaceEmbedding,0.6039953231811523
"{file:auto-indust-mocsyn.tgff,graph_name:TASK_GRAPH_3}",exynos,tgff_reader,static_cfs,ERROR,tgff_reader,0.006809857,MetricSpaceEmbedding,0.18399834632873535
"{file:telecom-mocsyn.tgff,graph_name:TASK_GRAPH_6}",mppa_coolidge,tgff_reader,gbm,ERROR,tgff_reader,400.0010005,Symmetries,5.76395320892334
"{file:auto-indust-mocsyn.tgff,graph_name:TASK_GRAPH_3}",exynos,tgff_reader,gbm,ERROR,tgff_reader,0.021782,SimpleVector,0.18399858474731445
"{file:networking-mocsyn.tgff,graph_name:TASK_GRAPH_3}",mppa_coolidge,tgff_reader,gbm,ERROR,tgff_reader,7397.628001,SymmetryEmbedding,602.6512050628662
"{file:telecom-mocsyn.tgff,graph_name:TASK_GRAPH_2}",mppa_coolidge,tgff_reader,static_cfs,ERROR,tgff_reader,14.206421665,SymmetryEmbedding,598.6992247104645
"{file:consumer-mocsyn.tgff,graph_name:TASK_GRAPH_0}",mppa_coolidge,tgff_reader,static_cfs,ERROR,tgff_reader,20.800933332,SimpleVector,0.23999786376953125
"{file:telecom-mocsyn.tgff,graph_name:TASK_GRAPH_5}",exynos,tgff_reader,gbm,ERROR,tgff_reader,0.024642857,SymmetryEmbedding,0.24399805068969727
"{file:telecom-mocsyn.tgff,graph_name:TASK_GRAPH_4}",exynos,tgff_reader,static_cfs,ERROR,tgff_reader,0.031571428,SymmetryEmbedding,0.1959984302520752
"{file:networking-mocsyn.tgff,graph_name:TASK_GRAPH_2}",exynos,tgff_reader,gbm,ERROR,tgff_reader,2.6290495,MetricSpaceEmbedding,0.21599841117858887
"{file:networking-mocsyn.tgff,graph_name:TASK_GRAPH_0}",exynos,tgff_reader,gbm,ERROR,tgff_reader,0.0015065,SymmetryEmbedding,0.21599841117858887
"{file:networking-mocsyn.tgff,graph_name:TASK_GRAPH_0}",mppa_coolidge,tgff_reader,static_cfs,ERROR,tgff_reader,0.0065,SymmetryEmbedding,595.7794632911682
"{file:telecom-mocsyn.tgff,graph_name:TASK_GRAPH_6}",exynos,tgff_reader,static_cfs,ERROR,tgff_reader,0.024569214,SymmetryEmbedding,0.1959984302520752
"{file:consumer-mocsyn.tgff,graph_name:TASK_GRAPH_0}",mppa_coolidge,tgff_reader,static_cfs,ERROR,tgff_reader,20.800933332,MetricSpaceEmbedding,0.6119949817657471
"{file:telecom-mocsyn.tgff,graph_name:TASK_GRAPH_0}",mppa_coolidge,tgff_reader,gbm,ERROR,tgff_reader,411.2554505,SimpleVector,9.039928674697876
"{file:auto-indust-mocsyn.tgff,graph_name:TASK_GRAPH_3}",mppa_coolidge,tgff_reader,gbm,ERROR,tgff_reader,410.837533833,SymmetryEmbedding,603.2668716907501
"{file:telecom-mocsyn.tgff,graph_name:TASK_GRAPH_3}",mppa_coolidge,tgff_reader,gbm,ERROR,tgff_reader,403.334834333,SimpleVector,8.023913383483887
"{file:networking-mocsyn.tgff,graph_name:TASK_GRAPH_2}",mppa_coolidge,tgff_reader,gbm,ERROR,tgff_reader,3902.348746666,Symmetries,6.75594687461853
"{file:telecom-mocsyn.tgff,graph_name:TASK_GRAPH_0}",mppa_coolidge,tgff_reader,static_cfs,ERROR,tgff_reader,12.505654999,SimpleVector,0.23199796676635742
"{file:telecom-mocsyn.tgff,graph_name:TASK_GRAPH_0}",exynos,tgff_reader,gbm,ERROR,tgff_reader,0.0084,SimpleVector,0.18799853324890137
"{file:networking-mocsyn.tgff,graph_name:TASK_GRAPH_3}",mppa_coolidge,tgff_reader,static_cfs,ERROR,tgff_reader,10.038099999,SimpleVector,0.23199820518493652
"{file:telecom-mocsyn.tgff,graph_name:TASK_GRAPH_8}",exynos,tgff_reader,static_cfs,ERROR,tgff_reader,0.024569214,Symmetries,0.1679985523223877
"{file:networking-mocsyn.tgff,graph_name:TASK_GRAPH_0}",mppa_coolidge,tgff_reader,gbm,ERROR,tgff_reader,0.0005065,MetricSpaceEmbedding,0.7559940814971924
"{file:telecom-mocsyn.tgff,graph_name:TASK_GRAPH_0}",mppa_coolidge,tgff_reader,gbm,ERROR,tgff_reader,411.2554505,Symmetries,6.887945652008057
"{file:networking-mocsyn.tgff,graph_name:TASK_GRAPH_3}",mppa_coolidge,tgff_reader,static_cfs,ERROR,tgff_reader,10.038099999,SymmetryEmbedding,598.6272594928741
"{file:telecom-mocsyn.tgff,graph_name:TASK_GRAPH_7}",mppa_coolidge,tgff_reader,gbm,ERROR,tgff_reader,400.0010005,Symmetries,5.775954961776733
"{file:telecom-mocsyn.tgff,graph_name:TASK_GRAPH_2}",exynos,tgff_reader,gbm,ERROR,tgff_reader,0.01621,MetricSpaceEmbedding,0.2799975872039795
"{file:networking-mocsyn.tgff,graph_name:TASK_GRAPH_1}",exynos,tgff_reader,static_cfs,ERROR,tgff_reader,0.033142855,SymmetryEmbedding,0.1959984302520752
"{file:auto-indust-mocsyn.tgff,graph_name:TASK_GRAPH_0}",exynos,tgff_reader,static_cfs,ERROR,tgff_reader,0.005300001,MetricSpaceEmbedding,0.18399858474731445
"{file:auto-indust-mocsyn.tgff,graph_name:TASK_GRAPH_3}",mppa_coolidge,tgff_reader,static_cfs,ERROR,tgff_reader,13.337970832,Symmetries,0.35199642181396484
"{file:auto-indust-mocsyn.tgff,graph_name:TASK_GRAPH_0}",exynos,tgff_reader,static_cfs,ERROR,tgff_reader,0.005300001,SymmetryEmbedding,0.1959984302520752
"{file:networking-mocsyn.tgff,graph_name:TASK_GRAPH_2}",exynos,tgff_reader,gbm,ERROR,tgff_reader,2.6290495,Symmetries,0.1959984302520752
"{file:telecom-mocsyn.tgff,graph_name:TASK_GRAPH_0}",exynos,tgff_reader,gbm,ERROR,tgff_reader,0.0084,MetricSpaceEmbedding,0.20799827575683594
"{file:telecom-mocsyn.tgff,graph_name:TASK_GRAPH_5}",mppa_coolidge,tgff_reader,gbm,ERROR,tgff_reader,400.0010005,Symmetries,5.963956117630005
"{file:networking-mocsyn.tgff,graph_name:TASK_GRAPH_3}",exynos,tgff_reader,static_cfs,ERROR,tgff_reader,0.054785713,SimpleVector,0.16399860382080078
"{file:telecom-mocsyn.tgff,graph_name:TASK_GRAPH_7}",mppa_coolidge,tgff_reader,static_cfs,ERROR,tgff_reader,3.349883333,SymmetryEmbedding,596.1594457626343
"{file:telecom-mocsyn.tgff,graph_name:TASK_GRAPH_2}",exynos,tgff_reader,gbm,ERROR,tgff_reader,0.01621,SymmetryEmbedding,0.2239980697631836
"{file:telecom-mocsyn.tgff,graph_name:TASK_GRAPH_0}",exynos,tgff_reader,static_cfs,ERROR,tgff_reader,0.008614284,SymmetryEmbedding,0.1959984302520752
"{file:telecom-mocsyn.tgff,graph_name:TASK_GRAPH_6}",mppa_coolidge,tgff_reader,gbm,ERROR,tgff_reader,400.0010005,SimpleVector,7.819936752319336
"{file:telecom-mocsyn.tgff,graph_name:TASK_GRAPH_7}",mppa_coolidge,tgff_reader,gbm,ERROR,tgff_reader,400.0010005,MetricSpaceEmbedding,6.067952394485474
"{file:telecom-mocsyn.tgff,graph_name:TASK_GRAPH_6}",mppa_coolidge,tgff_reader,static_cfs,ERROR,tgff_reader,3.349883333,Symmetries,0.35199713706970215
"{file:telecom-mocsyn.tgff,graph_name:TASK_GRAPH_6}",exynos,tgff_reader,gbm,ERROR,tgff_reader,0.024642857,MetricSpaceEmbedding,0.21999835968017578
"{file:auto-indust-mocsyn.tgff,graph_name:TASK_GRAPH_2}",exynos,tgff_reader,static_cfs,ERROR,tgff_reader,0.249641855,SimpleVector,0.16399884223937988
"{file:telecom-mocsyn.tgff,graph_name:TASK_GRAPH_4}",exynos,tgff_reader,static_cfs,ERROR,tgff_reader,0.031571428,MetricSpaceEmbedding,0.18399858474731445
"{file:networking-mocsyn.tgff,graph_name:TASK_GRAPH_3}",exynos,tgff_reader,gbm,ERROR,tgff_reader,6.2961255,MetricSpaceEmbedding,0.21199822425842285
"{file:consumer-mocsyn.tgff,graph_name:TASK_GRAPH_1}",exynos,tgff_reader,static_cfs,ERROR,tgff_reader,1.996571427,SymmetryEmbedding,0.1959984302520752
"{file:telecom-mocsyn.tgff,graph_name:TASK_GRAPH_0}",mppa_coolidge,tgff_reader,static_cfs,ERROR,tgff_reader,12.505654999,Symmetries,0.35199713706970215
"{file:auto-indust-mocsyn.tgff,graph_name:TASK_GRAPH_1}",exynos,tgff_reader,gbm,ERROR,tgff_reader,0.008264,Symmetries,0.19199848175048828
"{file:telecom-mocsyn.tgff,graph_name:TASK_GRAPH_2}",exynos,tgff_reader,gbm,ERROR,tgff_reader,0.01621,Symmetries,0.1959984302520752
"{file:telecom-mocsyn.tgff,graph_name:TASK_GRAPH_7}",exynos,tgff_reader,gbm,ERROR,tgff_reader,0.024642857,Symmetries,0.20399832725524902
"{file:auto-indust-mocsyn.tgff,graph_name:TASK_GRAPH_1}",mppa_coolidge,tgff_reader,static_cfs,ERROR,tgff_reader,10.007049999,Symmetries,0.35199737548828125
"{file:auto-indust-mocsyn.tgff,graph_name:TASK_GRAPH_1}",exynos,tgff_reader,static_cfs,ERROR,tgff_reader,0.01042857,SimpleVector,0.15599870681762695
"{file:auto-indust-mocsyn.tgff,graph_name:TASK_GRAPH_2}",exynos,tgff_reader,gbm,ERROR,tgff_reader,0.037469,SymmetryEmbedding,0.23199820518493652
"{file:telecom-mocsyn.tgff,graph_name:TASK_GRAPH_4}",mppa_coolidge,tgff_reader,gbm,ERROR,tgff_reader,403.334834333,SimpleVector,8.011930704116821
"{file:consumer-mocsyn.tgff,graph_name:TASK_GRAPH_1}",mppa_coolidge,tgff_reader,gbm,ERROR,tgff_reader,2909.730383833,SimpleVector,9.083927631378174
"{file:telecom-mocsyn.tgff,graph_name:TASK_GRAPH_6}",exynos,tgff_reader,static_cfs,ERROR,tgff_reader,0.024569214,Symmetries,0.1719987392425537
"{file:office-automation-mocsyn.tgff,graph_name:TASK_GRAPH_0}",exynos,tgff_reader,gbm,ERROR,tgff_reader,0.3058135,Symmetries,0.1959984302520752
"{file:consumer-mocsyn.tgff,graph_name:TASK_GRAPH_0}",exynos,tgff_reader,gbm,ERROR,tgff_reader,2.022567,SimpleVector,0.18799853324890137
"{file:auto-indust-mocsyn.tgff,graph_name:TASK_GRAPH_1}",exynos,tgff_reader,static_cfs,ERROR,tgff_reader,0.01042857,MetricSpaceEmbedding,0.23199820518493652
"{file:networking-mocsyn.tgff,graph_name:TASK_GRAPH_0}",exynos,tgff_reader,gbm,ERROR,tgff_reader,0.0015065,MetricSpaceEmbedding,0.20399832725524902
"{file:networking-mocsyn.tgff,graph_name:TASK_GRAPH_0}",mppa_coolidge,tgff_reader,gbm,ERROR,tgff_reader,0.0005065,SymmetryEmbedding,598.7753021717072
"{file:auto-indust-mocsyn.tgff,graph_name:TASK_GRAPH_1}",exynos,tgff_reader,static_cfs,ERROR,tgff_reader,0.01042857,Symmetries,0.1679987907409668
"{file:auto-indust-mocsyn.tgff,graph_name:TASK_GRAPH_2}",mppa_coolidge,tgff_reader,gbm,ERROR,tgff_reader,438.8527615,Symmetries,8.699932098388672
"{file:auto-indust-mocsyn.tgff,graph_name:TASK_GRAPH_0}",mppa_coolidge,tgff_reader,static_cfs,ERROR,tgff_reader,16.669994165,SymmetryEmbedding,593.971376657486
"{file:telecom-mocsyn.tgff,graph_name:TASK_GRAPH_4}",mppa_coolidge,tgff_reader,static_cfs,ERROR,tgff_reader,6.688266666,SymmetryEmbedding,599.2226932048798
"{file:telecom-mocsyn.tgff,graph_name:TASK_GRAPH_4}",exynos,tgff_reader,gbm,ERROR,tgff_reader,0.0080765,SymmetryEmbedding,0.29599761962890625
"{file:consumer-mocsyn.tgff,graph_name:TASK_GRAPH_0}",mppa_coolidge,tgff_reader,static_cfs,ERROR,tgff_reader,20.800933332,Symmetries,0.359997034072876
"{file:telecom-mocsyn.tgff,graph_name:TASK_GRAPH_0}",exynos,tgff_reader,static_cfs,ERROR,tgff_reader,0.008614284,Symmetries,0.1719987392425537
"{file:telecom-mocsyn.tgff,graph_name:TASK_GRAPH_2}",mppa_coolidge,tgff_reader,gbm,ERROR,tgff_reader,413.372883833,SimpleVector,10.32791781425476
"{file:auto-indust-mocsyn.tgff,graph_name:TASK_GRAPH_2}",mppa_coolidge,tgff_reader,static_cfs,ERROR,tgff_reader,26.006144331,Symmetries,0.3599972724914551
"{file:consumer-mocsyn.tgff,graph_name:TASK_GRAPH_1}",mppa_coolidge,tgff_reader,gbm,ERROR,tgff_reader,2909.730383833,MetricSpaceEmbedding,7.1399431228637695
"{file:telecom-mocsyn.tgff,graph_name:TASK_GRAPH_2}",mppa_coolidge,tgff_reader,static_cfs,ERROR,tgff_reader,14.206421665,SimpleVector,0.2279982566833496
"{file:auto-indust-mocsyn.tgff,graph_name:TASK_GRAPH_1}",mppa_coolidge,tgff_reader,static_cfs,ERROR,tgff_reader,10.007049999,SimpleVector,0.23199820518493652
"{file:networking-mocsyn.tgff,graph_name:TASK_GRAPH_3}",mppa_coolidge,tgff_reader,gbm,ERROR,tgff_reader,7397.628001,Symmetries,6.207950592041016
"{file:auto-indust-mocsyn.tgff,graph_name:TASK_GRAPH_1}",mppa_coolidge,tgff_reader,static_cfs,ERROR,tgff_reader,10.007049999,SymmetryEmbedding,597.6191139221191
"{file:consumer-mocsyn.tgff,graph_name:TASK_GRAPH_0}",mppa_coolidge,tgff_reader,gbm,ERROR,tgff_reader,3334.7025505,Symmetries,8.35994029045105
"{file:telecom-mocsyn.tgff,graph_name:TASK_GRAPH_1}",mppa_coolidge,tgff_reader,static_cfs,ERROR,tgff_reader,14.206421665,SymmetryEmbedding,596.8312754631042
"{file:telecom-mocsyn.tgff,graph_name:TASK_GRAPH_6}",mppa_coolidge,tgff_reader,static_cfs,ERROR,tgff_reader,3.349883333,MetricSpaceEmbedding,0.6079952716827393
"{file:telecom-mocsyn.tgff,graph_name:TASK_GRAPH_5}",exynos,tgff_reader,static_cfs,ERROR,tgff_reader,0.024569214,Symmetries,0.1719987392425537
"{file:telecom-mocsyn.tgff,graph_name:TASK_GRAPH_5}",mppa_coolidge,tgff_reader,static_cfs,ERROR,tgff_reader,3.349883333,SimpleVector,0.23199796676635742
"{file:telecom-mocsyn.tgff,graph_name:TASK_GRAPH_4}",exynos,tgff_reader,gbm,ERROR,tgff_reader,0.0080765,Symmetries,0.1959984302520752
"{file:auto-indust-mocsyn.tgff,graph_name:TASK_GRAPH_1}",exynos,tgff_reader,static_cfs,ERROR,tgff_reader,0.01042857,SymmetryEmbedding,0.19199848175048828
"{file:auto-indust-mocsyn.tgff,graph_name:TASK_GRAPH_2}",mppa_coolidge,tgff_reader,static_cfs,ERROR,tgff_reader,26.006144331,SymmetryEmbedding,593.5273458957672
"{file:consumer-mocsyn.tgff,graph_name:TASK_GRAPH_1}",exynos,tgff_reader,static_cfs,ERROR,tgff_reader,1.996571427,SimpleVector,0.15999889373779297
"{file:auto-indust-mocsyn.tgff,graph_name:TASK_GRAPH_3}",exynos,tgff_reader,static_cfs,ERROR,tgff_reader,0.006809857,SymmetryEmbedding,0.23599815368652344
"{file:telecom-mocsyn.tgff,graph_name:TASK_GRAPH_8}",exynos,tgff_reader,gbm,ERROR,tgff_reader,0.024642857,Symmetries,0.20399832725524902
"{file:telecom-mocsyn.tgff,graph_name:TASK_GRAPH_3}",exynos,tgff_reader,static_cfs,ERROR,tgff_reader,0.012285713,Symmetries,0.1719987392425537
"{file:telecom-mocsyn.tgff,graph_name:TASK_GRAPH_6}",exynos,tgff_reader,static_cfs,ERROR,tgff_reader,0.024569214,SimpleVector,0.15999889373779297
"{file:telecom-mocsyn.tgff,graph_name:TASK_GRAPH_6}",mppa_coolidge,tgff_reader,static_cfs,ERROR,tgff_reader,3.349883333,SimpleVector,0.23599815368652344
"{file:telecom-mocsyn.tgff,graph_name:TASK_GRAPH_7}",exynos,tgff_reader,static_cfs,ERROR,tgff_reader,0.024569214,Symmetries,0.1679985523223877
"{file:telecom-mocsyn.tgff,graph_name:TASK_GRAPH_7}",exynos,tgff_reader,static_cfs,ERROR,tgff_reader,0.024569214,MetricSpaceEmbedding,0.18799829483032227
"{file:telecom-mocsyn.tgff,graph_name:TASK_GRAPH_2}",exynos,tgff_reader,static_cfs,ERROR,tgff_reader,0.057150499,Symmetries,0.1679985523223877
"{file:auto-indust-mocsyn.tgff,graph_name:TASK_GRAPH_3}",exynos,tgff_reader,gbm,ERROR,tgff_reader,0.021782,Symmetries,0.18799853324890137
"{file:auto-indust-mocsyn.tgff,graph_name:TASK_GRAPH_1}",mppa_coolidge,tgff_reader,static_cfs,ERROR,tgff_reader,10.007049999,MetricSpaceEmbedding,0.6079952716827393
"{file:office-automation-mocsyn.tgff,graph_name:TASK_GRAPH_0}",exynos,tgff_reader,static_cfs,ERROR,tgff_reader,0.254631223,SimpleVector,0.16399860382080078
"{file:auto-indust-mocsyn.tgff,graph_name:TASK_GRAPH_2}",exynos,tgff_reader,static_cfs,ERROR,tgff_reader,0.249641855,SymmetryEmbedding,0.1959984302520752
"{file:networking-mocsyn.tgff,graph_name:TASK_GRAPH_2}",exynos,tgff_reader,static_cfs,ERROR,tgff_reader,0.040499998,SimpleVector,0.16399884223937988
"{file:telecom-mocsyn.tgff,graph_name:TASK_GRAPH_6}",exynos,tgff_reader,gbm,ERROR,tgff_reader,0.024642857,SimpleVector,0.1959984302520752
"{file:office-automation-mocsyn.tgff,graph_name:TASK_GRAPH_0}",exynos,tgff_reader,static_cfs,ERROR,tgff_reader,0.254631223,Symmetries,0.17999863624572754
"{file:telecom-mocsyn.tgff,graph_name:TASK_GRAPH_8}",mppa_coolidge,tgff_reader,gbm,ERROR,tgff_reader,400.0010005,SimpleVector,7.82393741607666
"{file:office-automation-mocsyn.tgff,graph_name:TASK_GRAPH_0}",exynos,tgff_reader,gbm,ERROR,tgff_reader,0.3058135,MetricSpaceEmbedding,0.21199822425842285
"{file:telecom-mocsyn.tgff,graph_name:TASK_GRAPH_3}",exynos,tgff_reader,gbm,ERROR,tgff_reader,0.0080765,SymmetryEmbedding,0.2239980697631836
"{file:networking-mocsyn.tgff,graph_name:TASK_GRAPH_2}",exynos,tgff_reader,gbm,ERROR,tgff_reader,2.6290495,SimpleVector,0.23999810218811035
"{file:telecom-mocsyn.tgff,graph_name:TASK_GRAPH_2}",mppa_coolidge,tgff_reader,gbm,ERROR,tgff_reader,413.372883833,MetricSpaceEmbedding,8.487932443618774
"{file:consumer-mocsyn.tgff,graph_name:TASK_GRAPH_1}",exynos,tgff_reader,static_cfs,ERROR,tgff_reader,1.996571427,Symmetries,0.1679985523223877
"{file:telecom-mocsyn.tgff,graph_name:TASK_GRAPH_2}",exynos,tgff_reader,static_cfs,ERROR,tgff_reader,0.057150499,MetricSpaceEmbedding,0.18399858474731445
"{file:auto-indust-mocsyn.tgff,graph_name:TASK_GRAPH_3}",exynos,tgff_reader,static_cfs,ERROR,tgff_reader,0.006809857,Symmetries,0.1719987392425537
"{file:telecom-mocsyn.tgff,graph_name:TASK_GRAPH_8}",mppa_coolidge,tgff_reader,gbm,ERROR,tgff_reader,400.0010005,SymmetryEmbedding,600.2031855583191
"{file:telecom-mocsyn.tgff,graph_name:TASK_GRAPH_4}",mppa_coolidge,tgff_reader,static_cfs,ERROR,tgff_reader,6.688266666,MetricSpaceEmbedding,0.7839930057525635
"{file:auto-indust-mocsyn.tgff,graph_name:TASK_GRAPH_0}",mppa_coolidge,tgff_reader,static_cfs,ERROR,tgff_reader,16.669994165,Symmetries,0.43999648094177246
